{"error": null, "params": {"dates": [{"endDate": "08-31-2021", "startDate": "12-01-2020", "yearRange": [1950, 2050]}], "layers": [{"layer": "LST_Day_1km", "product": "MOD11A1.006"}, {"layer": "QC_Day", "product": "MOD11A1.006"}, {"layer": "LST_Night_1km", "product": "MOD11A1.006"}, {"layer": "QC_Night", "product": "MOD11A1.006"}], "coordinates": [{"id": "P07787", "latitude": 41.80154104, "longitude": 2.662435559}, {"id": "P07794", "latitude": 41.80163023, "longitude": 2.746058862}, {"id": "P07797", "latitude": 41.79109829, "longitude": 2.494512228}, {"id": "P07799", "latitude": 41.79196396, "longitude": 2.505084676}, {"id": "P07805", "latitude": 41.79241279, "longitude": 2.589246481}, {"id": "P07806", "latitude": 41.79263667, "longitude": 2.601665888}, {"id": "P07808", "latitude": 41.79228843, "longitude": 2.649581904}, {"id": "P07810", "latitude": 41.79316189, "longitude": 2.661528699}, {"id": "P07814", "latitude": 41.79301167, "longitude": 2.734598708}, {"id": "P07816", "latitude": 41.78282821, "longitude": 2.482001826}, {"id": "P07817", "latitude": 41.78295207, "longitude": 2.506032455}, {"id": "P07818", "latitude": 41.7828242, "longitude": 2.518344058}, {"id": "P07820", "latitude": 41.78355166, "longitude": 2.542057595}, {"id": "P07821", "latitude": 41.78325361, "longitude": 2.553287374}, {"id": "P07822", "latitude": 41.78359822, "longitude": 2.565643897}, {"id": "P07826", "latitude": 41.7836717, "longitude": 2.613972013}, {"id": "P07829", "latitude": 41.78420065, "longitude": 2.661768379}, {"id": "P07831", "latitude": 41.78356949, "longitude": 2.67399825}, {"id": "P07834", "latitude": 41.77406214, "longitude": 2.493611245}, {"id": "P07836", "latitude": 41.77446104, "longitude": 2.51722747}, {"id": "P07841", "latitude": 41.77423989, "longitude": 2.577703196}, {"id": "P07851", "latitude": 41.77468968, "longitude": 2.649882263}, {"id": "P07852", "latitude": 41.77473494, "longitude": 2.661986567}, {"id": "P07853", "latitude": 41.77491219, "longitude": 2.686375296}, {"id": "P07858", "latitude": 41.76478636, "longitude": 2.529980123}, {"id": "P07860", "latitude": 41.76484391, "longitude": 2.553439157}, {"id": "P07865", "latitude": 41.76522671, "longitude": 2.614371331}, {"id": "P07872", "latitude": 41.76564147, "longitude": 2.782762031}, {"id": "P07873", "latitude": 41.76578034, "longitude": 2.79459977}, {"id": "P07876", "latitude": 41.756391, "longitude": 2.566416811}, {"id": "P07879", "latitude": 41.75631285, "longitude": 2.602071007}, {"id": "P07884", "latitude": 41.75617186, "longitude": 2.650079154}, {"id": "P07887", "latitude": 41.75668449, "longitude": 2.674326804}, {"id": "P07888", "latitude": 41.75688912, "longitude": 2.686366824}, {"id": "P07890", "latitude": 41.75630825, "longitude": 2.698170022}, {"id": "P07891", "latitude": 41.75663992, "longitude": 2.722551217}, {"id": "P07894", "latitude": 41.74687977, "longitude": 2.529822102}, {"id": "P07897", "latitude": 41.74709384, "longitude": 2.578001411}, {"id": "P07901", "latitude": 41.74761094, "longitude": 2.686027113}, {"id": "P07904", "latitude": 41.74758893, "longitude": 2.758960736}, {"id": "P07905", "latitude": 41.74710933, "longitude": 2.771085958}, {"id": "P07914", "latitude": 41.73820319, "longitude": 2.74623673}, {"id": "P07916", "latitude": 41.73827149, "longitude": 2.770131249}, {"id": "P07921", "latitude": 41.72079936, "longitude": 2.77093891}, {"id": "P07922", "latitude": 41.72076972, "longitude": 2.783526362}, {"id": "P07924", "latitude": 41.71109818, "longitude": 2.77067284}, {"id": "P07926", "latitude": 41.71177869, "longitude": 2.782498715}, {"id": "P07927", "latitude": 41.71090115, "longitude": 2.795111136}, {"id": "P07928", "latitude": 41.71094946, "longitude": 2.807419945}, {"id": "P07930", "latitude": 41.70251636, "longitude": 2.795582455}, {"id": "P07931", "latitude": 41.70246475, "longitude": 2.807421225}, {"id": "P07936", "latitude": 41.82898053, "longitude": 2.926829567}, {"id": "P07939", "latitude": 41.82884927, "longitude": 2.950999031}, {"id": "P07940", "latitude": 41.82894384, "longitude": 2.963029443}, {"id": "P07941", "latitude": 41.82895603, "longitude": 2.974794987}, {"id": "P07946", "latitude": 41.82936867, "longitude": 3.071834146}, {"id": "P07948", "latitude": 41.81942144, "longitude": 2.830466371}, {"id": "P07949", "latitude": 41.81955605, "longitude": 2.842783716}, {"id": "P07952", "latitude": 41.82020867, "longitude": 2.915051523}, {"id": "P07954", "latitude": 41.81990855, "longitude": 2.938832565}, {"id": "P07955", "latitude": 41.8195902, "longitude": 2.951150579}, {"id": "P07963", "latitude": 41.81068431, "longitude": 2.818426232}, {"id": "P07971", "latitude": 41.81045806, "longitude": 2.953360667}, {"id": "P07972", "latitude": 41.81100205, "longitude": 2.96319627}, {"id": "P07976", "latitude": 41.80195591, "longitude": 2.842393396}, {"id": "P07978", "latitude": 41.80160343, "longitude": 2.878470355}, {"id": "P07979", "latitude": 41.80161525, "longitude": 2.890206803}, {"id": "P07983", "latitude": 41.80221555, "longitude": 2.950646164}, {"id": "P07987", "latitude": 41.80133394, "longitude": 3.010917882}, {"id": "P07989", "latitude": 41.80141017, "longitude": 3.035064859}, {"id": "P07993", "latitude": 41.79340995, "longitude": 2.830896007}, {"id": "P07994", "latitude": 41.7935529, "longitude": 2.842763024}, {"id": "P07995", "latitude": 41.79286623, "longitude": 2.85482454}, {"id": "P07996", "latitude": 41.79310557, "longitude": 2.866498738}, {"id": "P07997", "latitude": 41.79290284, "longitude": 2.878619184}, {"id": "P07999", "latitude": 41.79244838, "longitude": 2.902691424}, {"id": "P08002", "latitude": 41.79276706, "longitude": 2.950280305}, {"id": "P08003", "latitude": 41.79249237, "longitude": 2.96217179}, {"id": "P08005", "latitude": 41.79287416, "longitude": 2.974929485}, {"id": "P08006", "latitude": 41.79266896, "longitude": 2.986676442}, {"id": "P08007", "latitude": 41.79273229, "longitude": 3.010651636}, {"id": "P08011", "latitude": 41.78374369, "longitude": 2.842329697}, {"id": "P08012", "latitude": 41.78380427, "longitude": 2.854098871}, {"id": "P08014", "latitude": 41.78366645, "longitude": 2.866686796}, {"id": "P08018", "latitude": 41.7838563, "longitude": 2.914774603}, {"id": "P08022", "latitude": 41.78390437, "longitude": 2.950732414}, {"id": "P08025", "latitude": 41.78394115, "longitude": 2.986425533}, {"id": "P08028", "latitude": 41.77489056, "longitude": 2.818442994}, {"id": "P08031", "latitude": 41.77453918, "longitude": 2.84280947}, {"id": "P08032", "latitude": 41.77461786, "longitude": 2.854685212}, {"id": "P08033", "latitude": 41.77498393, "longitude": 2.866897296}, {"id": "P08039", "latitude": 41.77483454, "longitude": 2.951292846}, {"id": "P08042", "latitude": 41.7752314, "longitude": 2.986752246}, {"id": "P08043", "latitude": 41.77484486, "longitude": 2.999253991}, {"id": "P08046", "latitude": 41.77494164, "longitude": 3.023018019}, {"id": "P08047", "latitude": 41.76589285, "longitude": 2.818636793}, {"id": "P08048", "latitude": 41.76616348, "longitude": 2.830714927}, {"id": "P08049", "latitude": 41.76563964, "longitude": 2.842374029}, {"id": "P08051", "latitude": 41.76565258, "longitude": 2.86683237}, {"id": "P08055", "latitude": 41.76567103, "longitude": 2.914654305}, {"id": "P08056", "latitude": 41.76554423, "longitude": 2.926673105}, {"id": "P08060", "latitude": 41.76615236, "longitude": 2.987066914}, {"id": "P08061", "latitude": 41.76632421, "longitude": 2.998820981}, {"id": "P08062", "latitude": 41.75694839, "longitude": 2.842768198}, {"id": "P08065", "latitude": 41.75705081, "longitude": 2.866790007}, {"id": "P08069", "latitude": 41.75677242, "longitude": 2.915123198}, {"id": "P08071", "latitude": 41.75698244, "longitude": 2.950933445}, {"id": "P08074", "latitude": 41.74729142, "longitude": 2.841745392}, {"id": "P08075", "latitude": 41.74811999, "longitude": 2.855346353}, {"id": "P08079", "latitude": 41.74794251, "longitude": 2.890310327}, {"id": "P08085", "latitude": 41.74751905, "longitude": 2.938504425}, {"id": "P08086", "latitude": 41.73895321, "longitude": 2.830738303}, {"id": "P08093", "latitude": 41.73840703, "longitude": 2.915135359}, {"id": "P08094", "latitude": 41.73856839, "longitude": 2.927136722}, {"id": "P08095", "latitude": 41.73871056, "longitude": 2.939294497}, {"id": "P08097", "latitude": 41.72981847, "longitude": 2.842305314}, {"id": "P08100", "latitude": 41.72957023, "longitude": 2.902702204}, {"id": "P08102", "latitude": 41.72965846, "longitude": 2.939339092}, {"id": "P08106", "latitude": 41.72091769, "longitude": 2.854625923}, {"id": "P08107", "latitude": 41.72037254, "longitude": 2.891054513}]}, "status": "processing", "created": "2021-09-27T08:26:05.187907", "task_id": "2b8f46f2-1ed9-4491-a879-255a3129f751", "updated": "2021-09-27T10:54:09.066078", "user_id": "teresa.gimeno@bc3research.org", "estimate": {"request_size": 32880}, "retry_at": null, "has_swath": false, "task_name": "Terra_P07787_P08107", "task_type": "point", "api_version": null, "svc_version": "2.66", "web_version": "2.66", "size_category": "0", "has_nsidc_daac": false, "expires_on": "2021-10-27T10:54:09.066078", "attempts": 1}
