{"error": null, "params": {"dates": [{"endDate": "08-31-2021", "startDate": "12-01-2020", "yearRange": [1950, 2050]}], "layers": [{"layer": "LST_Day_1km", "product": "MYD11A1.006"}, {"layer": "LST_Night_1km", "product": "MYD11A1.006"}, {"layer": "QC_Day", "product": "MYD11A1.006"}, {"layer": "QC_Night", "product": "MYD11A1.006"}], "coordinates": [{"id": "P08108", "latitude": 41.72059921, "longitude": 2.902763826}, {"id": "P08109", "latitude": 41.72042892, "longitude": 2.915207105}, {"id": "P08110", "latitude": 41.71170742, "longitude": 2.819354151}, {"id": "P08112", "latitude": 41.71150064, "longitude": 2.891165659}, {"id": "P08114", "latitude": 41.70266314, "longitude": 2.818634293}, {"id": "P08116", "latitude": 41.70292767, "longitude": 2.867190228}, {"id": "P08117", "latitude": 42.14394867, "longitude": 2.684645242}, {"id": "P08138", "latitude": 42.05414015, "longitude": 2.926293744}, {"id": "P08158", "latitude": 41.87417576, "longitude": 2.890998588}, {"id": "P08166", "latitude": 41.80105454, "longitude": 2.529269801}, {"id": "P08176", "latitude": 42.43549438, "longitude": 1.79569984}, {"id": "P08177", "latitude": 42.44362054, "longitude": 1.746420657}, {"id": "P08181", "latitude": 42.48921578, "longitude": 1.987742038}, {"id": "P08185", "latitude": 42.44369974, "longitude": 1.939849791}, {"id": "P08186", "latitude": 42.43568415, "longitude": 1.843865317}, {"id": "P08188", "latitude": 42.42776442, "longitude": 1.917264557}, {"id": "P08189", "latitude": 42.40078205, "longitude": 1.954036059}, {"id": "P08190", "latitude": 42.3910777, "longitude": 1.917603811}, {"id": "P08191", "latitude": 42.39157409, "longitude": 1.941833131}, {"id": "P08194", "latitude": 42.4211692, "longitude": 2.257343043}, {"id": "P08198", "latitude": 42.38577114, "longitude": 2.379243391}, {"id": "P08201", "latitude": 42.35723032, "longitude": 2.161233543}, {"id": "P08202", "latitude": 42.35846369, "longitude": 2.331000787}, {"id": "P08203", "latitude": 42.35883973, "longitude": 2.343079194}, {"id": "P08204", "latitude": 42.34853373, "longitude": 2.185412807}, {"id": "P08207", "latitude": 42.33968105, "longitude": 2.209902978}, {"id": "P08208", "latitude": 42.34057543, "longitude": 2.330619895}, {"id": "P08210", "latitude": 42.34087587, "longitude": 2.331175132}, {"id": "P08211", "latitude": 42.34119143, "longitude": 2.476775693}, {"id": "P08214", "latitude": 42.40508091, "longitude": 2.707219542}, {"id": "P08216", "latitude": 42.34155567, "longitude": 2.598353005}, {"id": "P08221", "latitude": 42.41471016, "longitude": 2.974622531}, {"id": "P08225", "latitude": 42.38742599, "longitude": 2.938126695}, {"id": "P08232", "latitude": 42.35134997, "longitude": 2.913866459}, {"id": "P08234", "latitude": 42.34236848, "longitude": 2.938073772}, {"id": "P08235", "latitude": 42.34241145, "longitude": 2.986706672}, {"id": "P08237", "latitude": 42.31225709, "longitude": 2.137356494}, {"id": "P08239", "latitude": 42.33069727, "longitude": 2.222383709}, {"id": "P08240", "latitude": 42.33165886, "longitude": 2.403966604}, {"id": "P08242", "latitude": 42.3226121, "longitude": 2.367789179}, {"id": "P08243", "latitude": 42.3226522, "longitude": 2.39185478}, {"id": "P08246", "latitude": 42.32304477, "longitude": 2.440662964}, {"id": "P08247", "latitude": 42.31309624, "longitude": 2.246189479}, {"id": "P08249", "latitude": 42.31336805, "longitude": 2.355783739}, {"id": "P08256", "latitude": 42.29561791, "longitude": 2.355952554}, {"id": "P08257", "latitude": 42.28661676, "longitude": 2.368185614}, {"id": "P08259", "latitude": 42.2677571, "longitude": 2.234968097}, {"id": "P08260", "latitude": 42.22315222, "longitude": 2.284241634}, {"id": "P08263", "latitude": 42.19607478, "longitude": 2.272059923}, {"id": "P08264", "latitude": 42.18761076, "longitude": 2.417456221}, {"id": "P08265", "latitude": 42.18793422, "longitude": 2.453917562}, {"id": "P08270", "latitude": 42.31456639, "longitude": 2.562023662}, {"id": "P08271", "latitude": 42.31529064, "longitude": 2.804775181}, {"id": "P08274", "latitude": 42.23332295, "longitude": 2.526168043}, {"id": "P08276", "latitude": 42.2151463, "longitude": 2.490005671}, {"id": "P08278", "latitude": 42.215621, "longitude": 2.611170724}, {"id": "P08282", "latitude": 42.18902159, "longitude": 2.744550521}, {"id": "P08283", "latitude": 42.1891815, "longitude": 2.769001283}, {"id": "P08286", "latitude": 42.17096946, "longitude": 2.719960855}, {"id": "P08287", "latitude": 42.17113477, "longitude": 2.732624263}, {"id": "P08289", "latitude": 42.32439345, "longitude": 3.059614787}, {"id": "P08290", "latitude": 42.31505814, "longitude": 2.816692235}, {"id": "P08291", "latitude": 42.30631695, "longitude": 2.93827898}, {"id": "P08293", "latitude": 42.29738064, "longitude": 2.98674041}, {"id": "P08299", "latitude": 42.24325223, "longitude": 2.817142656}, {"id": "P08301", "latitude": 42.2437566, "longitude": 2.81715332}, {"id": "P08302", "latitude": 42.24327518, "longitude": 2.926195219}, {"id": "P08306", "latitude": 42.21605866, "longitude": 2.914038427}, {"id": "P08308", "latitude": 42.21631736, "longitude": 2.938124376}, {"id": "P08310", "latitude": 42.17099394, "longitude": 2.877765793}, {"id": "P08315", "latitude": 42.16000241, "longitude": 2.284614851}, {"id": "P08322", "latitude": 42.11612827, "longitude": 2.52740495}, {"id": "P08323", "latitude": 42.1170176, "longitude": 2.805445383}, {"id": "P08330", "latitude": 42.02696734, "longitude": 2.79354373}, {"id": "P08331", "latitude": 42.01769211, "longitude": 2.696876797}, {"id": "P08333", "latitude": 42.12633259, "longitude": 3.010888817}, {"id": "P08336", "latitude": 42.11709093, "longitude": 2.950825992}, {"id": "P08337", "latitude": 42.10836837, "longitude": 2.902004138}, {"id": "P08344", "latitude": 42.03602416, "longitude": 2.829614045}, {"id": "P08350", "latitude": 42.07206239, "longitude": 3.180273882}, {"id": "P08353", "latitude": 41.96290926, "longitude": 2.467898867}, {"id": "P08355", "latitude": 41.84526073, "longitude": 2.384556191}, {"id": "P08358", "latitude": 41.83647019, "longitude": 2.396467491}, {"id": "P08359", "latitude": 41.99980566, "longitude": 2.733475509}, {"id": "P08361", "latitude": 42.00017563, "longitude": 2.733775834}, {"id": "P08364", "latitude": 41.99117883, "longitude": 2.746079539}, {"id": "P08367", "latitude": 41.98177716, "longitude": 2.781751287}, {"id": "P08369", "latitude": 41.95464474, "longitude": 2.649212822}, {"id": "P08370", "latitude": 41.95474003, "longitude": 2.685193577}, {"id": "P08374", "latitude": 41.92762407, "longitude": 2.6610601}, {"id": "P08375", "latitude": 41.91865391, "longitude": 2.721585255}, {"id": "P08380", "latitude": 41.88226306, "longitude": 2.516850735}, {"id": "P08381", "latitude": 41.88198323, "longitude": 2.540849242}, {"id": "P08386", "latitude": 41.86446979, "longitude": 2.577302758}, {"id": "P08387", "latitude": 41.8648624, "longitude": 2.685622811}, {"id": "P08388", "latitude": 41.85491473, "longitude": 2.480938675}, {"id": "P08389", "latitude": 41.84631316, "longitude": 2.52899841}, {"id": "P08390", "latitude": 41.84639383, "longitude": 2.697373556}, {"id": "P08395", "latitude": 41.90139513, "longitude": 2.962855063}, {"id": "P08397", "latitude": 41.83796416, "longitude": 2.950715061}, {"id": "P08401", "latitude": 41.82864235, "longitude": 2.697806406}, {"id": "P08408", "latitude": 41.8105424, "longitude": 2.685864468}, {"id": "P08413", "latitude": 41.79240245, "longitude": 2.625762717}, {"id": "P08414", "latitude": 41.79215951, "longitude": 2.709965302}, {"id": "P08417", "latitude": 41.78300337, "longitude": 2.649957379}, {"id": "P08418", "latitude": 41.78398554, "longitude": 2.806130519}, {"id": "P08421", "latitude": 41.77485891, "longitude": 2.794318128}, {"id": "P08422", "latitude": 41.74747961, "longitude": 2.661961188}, {"id": "P08423", "latitude": 41.74767878, "longitude": 2.746307665}, {"id": "P08424", "latitude": 41.82001214, "longitude": 2.974810535}, {"id": "P08426", "latitude": 41.94525676, "longitude": 2.552496071}, {"id": "P08427", "latitude": 42.0896192, "longitude": 2.624032857}, {"id": "P08429", "latitude": 42.17075252, "longitude": 2.647767008}, {"id": "P08430", "latitude": 42.20647978, "longitude": 2.647459582}, {"id": "P08431", "latitude": 42.23416102, "longitude": 2.744429166}, {"id": "P08432", "latitude": 42.26066369, "longitude": 2.598769798}, {"id": "P08433", "latitude": 42.33304217, "longitude": 2.707553895}, {"id": "P08434", "latitude": 42.39610537, "longitude": 2.719411622}, {"id": "P08435", "latitude": 42.43217999, "longitude": 3.072032207}, {"id": "P08436", "latitude": 41.87402421, "longitude": 3.107338119}]}, "status": "processing", "created": "2021-09-27T15:25:15.419878", "task_id": "0e0000bb-d0d7-4b9e-901e-5065af800cbc", "updated": "2021-09-27T15:49:26.480507", "user_id": "teresa.gimeno@bc3research.org", "estimate": {"request_size": 32880}, "retry_at": null, "has_swath": false, "task_name": "Aqua_P08108_P08436", "task_type": "point", "api_version": null, "svc_version": "2.66", "web_version": "2.66", "size_category": "0", "has_nsidc_daac": false, "expires_on": "2021-10-27T15:49:26.480507", "attempts": 1}
