{"error": null, "params": {"dates": [{"endDate": "08-31-2021", "startDate": "12-01-2020", "yearRange": [1950, 2050]}], "layers": [{"layer": "LST_Day_1km", "product": "MYD11A1.006"}, {"layer": "LST_Night_1km", "product": "MYD11A1.006"}, {"layer": "QC_Day", "product": "MYD11A1.006"}, {"layer": "QC_Night", "product": "MYD11A1.006"}], "coordinates": [{"id": "P08618", "latitude": 42.70704043, "longitude": 0.702655979}, {"id": "P08623", "latitude": 42.69788449, "longitude": 0.715812352}, {"id": "P08625", "latitude": 42.69801974, "longitude": 0.728040081}, {"id": "P08631", "latitude": 42.6904707, "longitude": 0.801226715}, {"id": "P08632", "latitude": 42.67974685, "longitude": 0.7040284}, {"id": "P08633", "latitude": 42.6813117, "longitude": 0.77785987}, {"id": "P08635", "latitude": 42.6813431, "longitude": 0.801878284}, {"id": "P08637", "latitude": 42.67235217, "longitude": 0.765853928}, {"id": "P08639", "latitude": 42.81772437, "longitude": 0.832634183}, {"id": "P08645", "latitude": 42.76583726, "longitude": 0.969616956}, {"id": "P08648", "latitude": 42.75726189, "longitude": 0.982202676}, {"id": "P08649", "latitude": 42.75712592, "longitude": 0.994964829}, {"id": "P08652", "latitude": 42.75805862, "longitude": 1.043669138}, {"id": "P08657", "latitude": 42.74889095, "longitude": 1.031555831}, {"id": "P08658", "latitude": 42.7490716, "longitude": 1.043670866}, {"id": "P08667", "latitude": 42.73883809, "longitude": 0.9837655}, {"id": "P08670", "latitude": 42.73994465, "longitude": 1.056076911}, {"id": "P08675", "latitude": 42.74082835, "longitude": 1.10502687}, {"id": "P08676", "latitude": 42.72680324, "longitude": 0.825128606}, {"id": "P08681", "latitude": 42.73232723, "longitude": 1.091995601}, {"id": "P08682", "latitude": 42.73226519, "longitude": 1.11762507}, {"id": "P08693", "latitude": 42.71454704, "longitude": 1.105851376}, {"id": "P08694", "latitude": 42.71457569, "longitude": 1.117964577}, {"id": "P08695", "latitude": 42.71426674, "longitude": 1.13154113}, {"id": "P08696", "latitude": 42.70230026, "longitude": 0.97179927}, {"id": "P08700", "latitude": 42.70512738, "longitude": 1.118396626}, {"id": "P08702", "latitude": 42.69216541, "longitude": 0.886922526}, {"id": "P08703", "latitude": 42.6925713, "longitude": 0.924373041}, {"id": "P08710", "latitude": 42.68389587, "longitude": 0.935634857}, {"id": "P08711", "latitude": 42.68607267, "longitude": 1.058002216}, {"id": "P08714", "latitude": 42.68652733, "longitude": 1.107203641}, {"id": "P08719", "latitude": 42.67459513, "longitude": 0.924263796}, {"id": "P08725", "latitude": 42.67629904, "longitude": 1.045650904}, {"id": "P08729", "latitude": 42.6663966, "longitude": 1.059078701}, {"id": "P08732", "latitude": 42.66880353, "longitude": 1.095160604}, {"id": "P08733", "latitude": 42.66832211, "longitude": 1.107402406}, {"id": "P08739", "latitude": 42.69735408, "longitude": 1.215602887}, {"id": "P08740", "latitude": 42.69752949, "longitude": 1.227476717}, {"id": "P08742", "latitude": 42.68887282, "longitude": 1.24073539}, {"id": "P08743", "latitude": 42.6892453, "longitude": 1.252712024}, {"id": "P08746", "latitude": 42.67992294, "longitude": 1.229136883}, {"id": "P08747", "latitude": 42.6804455, "longitude": 1.241424822}, {"id": "P08748", "latitude": 42.680091, "longitude": 1.253566671}, {"id": "P08750", "latitude": 42.68112173, "longitude": 1.313929622}, {"id": "P08752", "latitude": 42.67060906, "longitude": 1.229560033}, {"id": "P08755", "latitude": 42.67114467, "longitude": 1.241528488}, {"id": "P08756", "latitude": 42.67040306, "longitude": 1.290081493}, {"id": "P08762", "latitude": 42.66346795, "longitude": 0.779471891}, {"id": "P08767", "latitude": 42.62742015, "longitude": 0.779912774}, {"id": "P08769", "latitude": 42.62804631, "longitude": 0.791804646}, {"id": "P08782", "latitude": 42.59113751, "longitude": 0.767356654}, {"id": "P08789", "latitude": 42.56386539, "longitude": 0.769438394}, {"id": "P08792", "latitude": 42.53625479, "longitude": 0.759255748}, {"id": "P08798", "latitude": 42.66478154, "longitude": 0.863178434}, {"id": "P08800", "latitude": 42.66442141, "longitude": 0.887936}, {"id": "P08801", "latitude": 42.66518421, "longitude": 0.901015062}, {"id": "P08807", "latitude": 42.66694792, "longitude": 0.973425295}, {"id": "P08808", "latitude": 42.65624532, "longitude": 0.876281041}, {"id": "P08812", "latitude": 42.65639757, "longitude": 0.91247394}, {"id": "P08814", "latitude": 42.65773965, "longitude": 0.961475119}, {"id": "P08819", "latitude": 42.65934803, "longitude": 1.058163337}, {"id": "P08821", "latitude": 42.6602701, "longitude": 1.132000166}, {"id": "P08826", "latitude": 42.64692052, "longitude": 0.888699187}, {"id": "P08834", "latitude": 42.64901856, "longitude": 1.022351716}, {"id": "P08836", "latitude": 42.64989818, "longitude": 1.046843921}, {"id": "P08840", "latitude": 42.65027775, "longitude": 1.071364501}, {"id": "P08843", "latitude": 42.6387618, "longitude": 0.925650897}, {"id": "P08844", "latitude": 42.64023032, "longitude": 0.973975802}, {"id": "P08847", "latitude": 42.64031496, "longitude": 1.01064987}, {"id": "P08848", "latitude": 42.64030124, "longitude": 1.022335185}, {"id": "P08852", "latitude": 42.6416311, "longitude": 1.071802445}, {"id": "P08855", "latitude": 42.64252799, "longitude": 1.119784653}, {"id": "P08857", "latitude": 42.62982541, "longitude": 0.937935527}, {"id": "P08860", "latitude": 42.63181718, "longitude": 1.035348221}, {"id": "P08861", "latitude": 42.63219878, "longitude": 1.047129348}, {"id": "P08867", "latitude": 42.63259762, "longitude": 1.084069788}, {"id": "P08869", "latitude": 42.63309751, "longitude": 1.096225851}, {"id": "P08876", "latitude": 42.62465224, "longitude": 1.133529139}, {"id": "P08879", "latitude": 42.61409655, "longitude": 1.060277445}, {"id": "P08882", "latitude": 42.61500095, "longitude": 1.098094114}, {"id": "P08884", "latitude": 42.61492299, "longitude": 1.144951347}, {"id": "P08886", "latitude": 42.60505168, "longitude": 1.085755537}, {"id": "P08888", "latitude": 42.60577075, "longitude": 1.109529291}, {"id": "P08896", "latitude": 42.59626151, "longitude": 1.085695601}, {"id": "P08898", "latitude": 42.5967708, "longitude": 1.097344593}, {"id": "P08901", "latitude": 42.58714381, "longitude": 1.023931711}, {"id": "P08902", "latitude": 42.58704709, "longitude": 1.036109346}, {"id": "P08905", "latitude": 42.58766911, "longitude": 1.098048059}, {"id": "P08909", "latitude": 42.57429867, "longitude": 0.842098118}, {"id": "P08911", "latitude": 42.57464185, "longitude": 0.93047085}, {"id": "P08912", "latitude": 42.57528748, "longitude": 0.938807999}, {"id": "P08917", "latitude": 42.57744987, "longitude": 1.036776192}, {"id": "P08919", "latitude": 42.57857734, "longitude": 1.048475082}, {"id": "P08920", "latitude": 42.57835004, "longitude": 1.061605509}, {"id": "P08924", "latitude": 42.57909009, "longitude": 1.110201718}, {"id": "P08925", "latitude": 42.57902515, "longitude": 1.122681379}, {"id": "P08928", "latitude": 42.56464927, "longitude": 0.818078509}, {"id": "P08932", "latitude": 42.56683836, "longitude": 0.9277076}, {"id": "P08934", "latitude": 42.56738878, "longitude": 0.951799282}, {"id": "P08938", "latitude": 42.57042195, "longitude": 1.13517181}, {"id": "P08939", "latitude": 42.55620705, "longitude": 0.830650839}, {"id": "P08947", "latitude": 42.55737701, "longitude": 0.903634643}, {"id": "P08948", "latitude": 42.55805382, "longitude": 0.927961877}, {"id": "P08951", "latitude": 42.55948738, "longitude": 1.061812056}, {"id": "P08953", "latitude": 42.56122893, "longitude": 1.098559243}, {"id": "P08956", "latitude": 42.56081725, "longitude": 1.1238366}, {"id": "P08961", "latitude": 42.54823102, "longitude": 0.855175718}, {"id": "P08964", "latitude": 42.54772168, "longitude": 0.867445228}, {"id": "P08969", "latitude": 42.54885901, "longitude": 0.928436655}, {"id": "P08970", "latitude": 42.55089335, "longitude": 1.050495146}, {"id": "P08972", "latitude": 42.55107702, "longitude": 1.098928429}, {"id": "P08973", "latitude": 42.55148305, "longitude": 1.111497921}, {"id": "P08974", "latitude": 42.53858311, "longitude": 0.831565712}, {"id": "P08978", "latitude": 42.5429157, "longitude": 1.098238421}, {"id": "P08980", "latitude": 42.54296139, "longitude": 1.12339725}, {"id": "P08982", "latitude": 42.53316814, "longitude": 1.111075898}, {"id": "P08983", "latitude": 42.53334775, "longitude": 1.123648665}, {"id": "P08985", "latitude": 42.53438314, "longitude": 1.135769875}, {"id": "P08986", "latitude": 42.52375933, "longitude": 1.110641167}, {"id": "P08987", "latitude": 42.5238865, "longitude": 1.123858864}]}, "status": "processing", "created": "2021-09-27T15:29:35.136725", "task_id": "479b02d6-137d-4ffa-bff4-ee734943ed90", "updated": "2021-09-27T19:02:44.725752", "user_id": "teresa.gimeno@bc3research.org", "estimate": {"request_size": 32880}, "retry_at": null, "has_swath": false, "task_name": "Aqua_P08618_P08987", "task_type": "point", "api_version": null, "svc_version": "2.66", "web_version": "2.66", "size_category": "0", "has_nsidc_daac": false, "expires_on": "2021-10-27T19:02:44.725752", "attempts": 1}
