{"error": null, "params": {"dates": [{"endDate": "08-31-2021", "startDate": "12-01-2020", "yearRange": [1950, 2050]}], "layers": [{"layer": "LST_Day_1km", "product": "MOD11A1.006"}, {"layer": "QC_Day", "product": "MOD11A1.006"}, {"layer": "LST_Night_1km", "product": "MOD11A1.006"}, {"layer": "QC_Night", "product": "MOD11A1.006"}], "coordinates": [{"id": "P08437", "latitude": 42.07201358, "longitude": 2.781285282}, {"id": "P08438", "latitude": 42.10822054, "longitude": 3.011006669}, {"id": "P08441", "latitude": 41.66668386, "longitude": 2.770638323}, {"id": "P08442", "latitude": 41.72079271, "longitude": 2.806512931}, {"id": "P08443", "latitude": 41.74796631, "longitude": 2.950771927}, {"id": "P08444", "latitude": 41.74751477, "longitude": 2.674132605}, {"id": "P08445", "latitude": 41.74744403, "longitude": 2.650078443}, {"id": "P08446", "latitude": 41.76571069, "longitude": 2.746224612}, {"id": "P08447", "latitude": 41.76497844, "longitude": 2.517647448}, {"id": "P08448", "latitude": 41.79203531, "longitude": 2.517625187}, {"id": "P08449", "latitude": 41.81052804, "longitude": 2.661774389}, {"id": "P08450", "latitude": 41.82896218, "longitude": 2.866412225}, {"id": "P08451", "latitude": 41.8286734, "longitude": 2.709848718}, {"id": "P08452", "latitude": 41.82786764, "longitude": 2.481060879}, {"id": "P08454", "latitude": 41.85580615, "longitude": 2.758229552}, {"id": "P08455", "latitude": 41.86483709, "longitude": 2.769943549}, {"id": "P08456", "latitude": 41.86335237, "longitude": 2.372333821}, {"id": "P08457", "latitude": 41.87343052, "longitude": 2.673638433}, {"id": "P08458", "latitude": 41.87346313, "longitude": 2.625302288}, {"id": "P08460", "latitude": 41.89986455, "longitude": 2.46842258}, {"id": "P08461", "latitude": 41.91001197, "longitude": 3.143571631}, {"id": "P08462", "latitude": 41.92693903, "longitude": 2.480258761}, {"id": "P08463", "latitude": 41.93665697, "longitude": 2.673183587}, {"id": "P08464", "latitude": 41.9637105, "longitude": 2.68511322}, {"id": "P08465", "latitude": 41.97292423, "longitude": 2.685067842}, {"id": "P08466", "latitude": 42.0450485, "longitude": 3.047076346}, {"id": "P08467", "latitude": 42.05346934, "longitude": 2.587991678}, {"id": "P08469", "latitude": 42.09844425, "longitude": 2.623630025}, {"id": "P08470", "latitude": 42.10827776, "longitude": 2.865851579}, {"id": "P08471", "latitude": 42.10778225, "longitude": 3.155664655}, {"id": "P08472", "latitude": 42.11607952, "longitude": 2.478716142}, {"id": "P08473", "latitude": 42.14951659, "longitude": 2.115097583}, {"id": "P08474", "latitude": 42.16146608, "longitude": 2.611248255}, {"id": "P08475", "latitude": 42.19748837, "longitude": 2.562833034}, {"id": "P08476", "latitude": 42.19544313, "longitude": 2.187381825}, {"id": "P08477", "latitude": 42.23173748, "longitude": 2.235742571}, {"id": "P08478", "latitude": 42.24804743, "longitude": 2.028602705}, {"id": "P08480", "latitude": 42.25833358, "longitude": 2.198904674}, {"id": "P08482", "latitude": 42.27908368, "longitude": 2.744187077}, {"id": "P08484", "latitude": 42.27801565, "longitude": 2.441000728}, {"id": "P08485", "latitude": 42.30376896, "longitude": 2.246652604}, {"id": "P08486", "latitude": 42.30315278, "longitude": 2.137468666}, {"id": "P08487", "latitude": 42.3025821, "longitude": 2.064670956}, {"id": "P08488", "latitude": 42.31531739, "longitude": 3.132354439}, {"id": "P08489", "latitude": 42.30959756, "longitude": 1.846163648}, {"id": "P08491", "latitude": 42.32160357, "longitude": 2.197896202}, {"id": "P08492", "latitude": 42.33222208, "longitude": 2.476935008}, {"id": "P08493", "latitude": 42.3401006, "longitude": 2.27049801}, {"id": "P08494", "latitude": 42.33870046, "longitude": 2.076287127}, {"id": "P08495", "latitude": 42.35137624, "longitude": 2.901736815}, {"id": "P08496", "latitude": 42.35544352, "longitude": 1.930321486}, {"id": "P08497", "latitude": 42.36936741, "longitude": 3.120322637}, {"id": "P08498", "latitude": 42.36930278, "longitude": 2.828837683}, {"id": "P08499", "latitude": 42.37843432, "longitude": 3.022982052}, {"id": "P08501", "latitude": 42.3874319, "longitude": 2.950275385}, {"id": "P08502", "latitude": 42.39471056, "longitude": 2.367066014}, {"id": "P08503", "latitude": 42.40544494, "longitude": 3.047478534}, {"id": "P08504", "latitude": 42.39962693, "longitude": 1.820213782}, {"id": "P08505", "latitude": 42.42137517, "longitude": 2.306022025}, {"id": "P08506", "latitude": 42.43502783, "longitude": 1.783076989}, {"id": "P08507", "latitude": 42.45937637, "longitude": 2.962162169}, {"id": "P08508", "latitude": 42.3499553, "longitude": 2.440727968}, {"id": "P08509", "latitude": 42.3411145, "longitude": 2.452581856}, {"id": "P08510", "latitude": 42.34002273, "longitude": 2.258359439}, {"id": "P08511", "latitude": 42.329597, "longitude": 2.064270797}, {"id": "P08512", "latitude": 42.33192918, "longitude": 2.416247656}, {"id": "P08513", "latitude": 42.32168781, "longitude": 2.210031061}, {"id": "P08514", "latitude": 42.30465489, "longitude": 2.367968881}, {"id": "P08515", "latitude": 42.26832053, "longitude": 2.259055045}, {"id": "P08516", "latitude": 42.25885043, "longitude": 2.222976142}, {"id": "P08517", "latitude": 42.33171175, "longitude": 2.391743235}, {"id": "P08519", "latitude": 42.83241251, "longitude": 0.685976586}, {"id": "P08520", "latitude": 42.8333938, "longitude": 0.698468504}, {"id": "P08523", "latitude": 42.82434974, "longitude": 0.710878299}, {"id": "P08525", "latitude": 42.82427715, "longitude": 0.748069701}, {"id": "P08526", "latitude": 42.82512636, "longitude": 0.771673637}, {"id": "P08529", "latitude": 42.824326, "longitude": 0.807631249}, {"id": "P08530", "latitude": 42.81441891, "longitude": 0.672997952}, {"id": "P08532", "latitude": 42.81466071, "longitude": 0.725338476}, {"id": "P08535", "latitude": 42.81568847, "longitude": 0.760099251}, {"id": "P08536", "latitude": 42.81566998, "longitude": 0.771144924}, {"id": "P08539", "latitude": 42.8165231, "longitude": 0.797069804}, {"id": "P08541", "latitude": 42.80397814, "longitude": 0.697725409}, {"id": "P08542", "latitude": 42.80475153, "longitude": 0.712494123}, {"id": "P08544", "latitude": 42.8060793, "longitude": 0.723989855}, {"id": "P08546", "latitude": 42.80757774, "longitude": 0.772230562}, {"id": "P08549", "latitude": 42.79686571, "longitude": 0.713065995}, {"id": "P08550", "latitude": 42.79646131, "longitude": 0.725760953}, {"id": "P08551", "latitude": 42.79808885, "longitude": 0.748873321}, {"id": "P08553", "latitude": 42.79840842, "longitude": 0.797700585}, {"id": "P08557", "latitude": 42.7880766, "longitude": 0.725701306}, {"id": "P08559", "latitude": 42.77701631, "longitude": 0.664767347}, {"id": "P08561", "latitude": 42.77849026, "longitude": 0.712789208}, {"id": "P08563", "latitude": 42.77907438, "longitude": 0.738560788}, {"id": "P08566", "latitude": 42.76839798, "longitude": 0.67623782}, {"id": "P08567", "latitude": 42.77033848, "longitude": 0.701881313}, {"id": "P08568", "latitude": 42.77061877, "longitude": 0.713629024}, {"id": "P08570", "latitude": 42.7718737, "longitude": 0.774562422}, {"id": "P08572", "latitude": 42.75925499, "longitude": 0.651381494}, {"id": "P08573", "latitude": 42.75892046, "longitude": 0.664518627}, {"id": "P08574", "latitude": 42.75979733, "longitude": 0.676632734}, {"id": "P08575", "latitude": 42.76072802, "longitude": 0.725663582}, {"id": "P08576", "latitude": 42.76166397, "longitude": 0.750242007}, {"id": "P08580", "latitude": 42.75170734, "longitude": 0.688909512}, {"id": "P08583", "latitude": 42.752519, "longitude": 0.727198034}, {"id": "P08584", "latitude": 42.75200033, "longitude": 0.739203724}, {"id": "P08585", "latitude": 42.75246532, "longitude": 0.750464938}, {"id": "P08587", "latitude": 42.74199362, "longitude": 0.677469008}, {"id": "P08589", "latitude": 42.74135871, "longitude": 0.690149281}, {"id": "P08590", "latitude": 42.74424873, "longitude": 0.775600119}, {"id": "P08593", "latitude": 42.73348257, "longitude": 0.699248918}, {"id": "P08595", "latitude": 42.7340229, "longitude": 0.714534747}, {"id": "P08599", "latitude": 42.73456419, "longitude": 0.763828678}, {"id": "P08602", "latitude": 42.72405093, "longitude": 0.702663206}, {"id": "P08607", "latitude": 42.72572679, "longitude": 0.751236354}, {"id": "P08608", "latitude": 42.72623811, "longitude": 0.7626256}, {"id": "P08610", "latitude": 42.71560909, "longitude": 0.714600335}, {"id": "P08611", "latitude": 42.71580211, "longitude": 0.727916282}, {"id": "P08616", "latitude": 42.71665914, "longitude": 0.777074743}, {"id": "P08617", "latitude": 42.71708776, "longitude": 0.788978404}]}, "status": "processing", "created": "2021-09-27T15:28:29.204722", "task_id": "d1060739-f30a-45b7-8e1b-d0ef5370ebf0", "updated": "2021-09-27T18:21:48.222877", "user_id": "teresa.gimeno@bc3research.org", "estimate": {"request_size": 32880}, "retry_at": null, "has_swath": false, "task_name": "Terra_P08437_P08617", "task_type": "point", "api_version": null, "svc_version": "2.66", "web_version": "2.66", "size_category": "0", "has_nsidc_daac": false, "expires_on": "2021-10-27T18:21:48.222877", "attempts": 1}
