{"error": null, "params": {"dates": [{"endDate": "08-31-2021", "startDate": "12-01-2020", "yearRange": [1950, 2050]}], "layers": [{"layer": "LST_Day_1km", "product": "MYD11A1.006"}, {"layer": "LST_Night_1km", "product": "MYD11A1.006"}, {"layer": "QC_Day", "product": "MYD11A1.006"}, {"layer": "QC_Night", "product": "MYD11A1.006"}], "coordinates": [{"id": "P07438", "latitude": 41.92914289, "longitude": 2.937136227}, {"id": "P07439", "latitude": 41.92811368, "longitude": 2.950573369}, {"id": "P07444", "latitude": 41.9280067, "longitude": 3.010987698}, {"id": "P07445", "latitude": 41.92803196, "longitude": 3.022904113}, {"id": "P07447", "latitude": 41.9278622, "longitude": 3.047749943}, {"id": "P07450", "latitude": 41.9279317, "longitude": 3.083680084}, {"id": "P07454", "latitude": 41.92806207, "longitude": 3.119562169}, {"id": "P07457", "latitude": 41.91906626, "longitude": 2.901486311}, {"id": "P07460", "latitude": 41.91932636, "longitude": 2.938749776}, {"id": "P07463", "latitude": 41.91910252, "longitude": 2.962868915}, {"id": "P07466", "latitude": 41.91902745, "longitude": 2.998890531}, {"id": "P07467", "latitude": 41.91889185, "longitude": 3.010769065}, {"id": "P07469", "latitude": 41.91939581, "longitude": 3.04776775}, {"id": "P07471", "latitude": 41.91937221, "longitude": 3.05970665}, {"id": "P07474", "latitude": 41.91927642, "longitude": 3.094956462}, {"id": "P07477", "latitude": 41.91902443, "longitude": 3.131315316}, {"id": "P07481", "latitude": 41.90992047, "longitude": 2.878614799}, {"id": "P07483", "latitude": 41.90974478, "longitude": 2.902139702}, {"id": "P07484", "latitude": 41.90991675, "longitude": 2.914462441}, {"id": "P07489", "latitude": 41.9100853, "longitude": 2.938589802}, {"id": "P07491", "latitude": 41.91008658, "longitude": 2.962464176}, {"id": "P07492", "latitude": 41.90997279, "longitude": 2.974497871}, {"id": "P07495", "latitude": 41.90991207, "longitude": 3.010791671}, {"id": "P07498", "latitude": 41.91014595, "longitude": 3.047471466}, {"id": "P07499", "latitude": 41.91002319, "longitude": 3.059625591}, {"id": "P07501", "latitude": 41.90952179, "longitude": 3.131717857}, {"id": "P07502", "latitude": 41.90006692, "longitude": 2.878524958}, {"id": "P07504", "latitude": 41.90093612, "longitude": 2.902141096}, {"id": "P07512", "latitude": 41.90059874, "longitude": 2.986569638}, {"id": "P07513", "latitude": 41.90121198, "longitude": 2.998637661}, {"id": "P07518", "latitude": 41.90094104, "longitude": 3.047319976}, {"id": "P07520", "latitude": 41.90092858, "longitude": 3.07143205}, {"id": "P07524", "latitude": 41.90171741, "longitude": 3.119344224}, {"id": "P07525", "latitude": 41.90065986, "longitude": 3.13104862}, {"id": "P07528", "latitude": 41.89153317, "longitude": 2.926529192}, {"id": "P07530", "latitude": 41.89174455, "longitude": 2.951433164}, {"id": "P07531", "latitude": 41.89187494, "longitude": 2.962944959}, {"id": "P07533", "latitude": 41.89191624, "longitude": 2.987294718}, {"id": "P07534", "latitude": 41.89187143, "longitude": 3.010475221}, {"id": "P07538", "latitude": 41.89210882, "longitude": 3.059247296}, {"id": "P07540", "latitude": 41.8920301, "longitude": 3.071000232}, {"id": "P07544", "latitude": 41.89193892, "longitude": 3.107247563}, {"id": "P07545", "latitude": 41.89236789, "longitude": 3.119760778}, {"id": "P07546", "latitude": 41.89208484, "longitude": 3.131501212}, {"id": "P07547", "latitude": 41.88305591, "longitude": 2.890356757}, {"id": "P07551", "latitude": 41.88289571, "longitude": 2.926695772}, {"id": "P07555", "latitude": 41.88288023, "longitude": 2.974412226}, {"id": "P07556", "latitude": 41.8828463, "longitude": 2.986850567}, {"id": "P07557", "latitude": 41.88317073, "longitude": 3.011425963}, {"id": "P07562", "latitude": 41.88274393, "longitude": 3.071182793}, {"id": "P07563", "latitude": 41.88291595, "longitude": 3.083247691}, {"id": "P07570", "latitude": 41.87382959, "longitude": 2.950663417}, {"id": "P07571", "latitude": 41.87383392, "longitude": 2.962063611}, {"id": "P07573", "latitude": 41.87390247, "longitude": 2.986683687}, {"id": "P07576", "latitude": 41.87426121, "longitude": 3.023005416}, {"id": "P07581", "latitude": 41.87398083, "longitude": 3.095250918}, {"id": "P07585", "latitude": 41.86496999, "longitude": 2.890218973}, {"id": "P07587", "latitude": 41.86510742, "longitude": 2.927113722}, {"id": "P07589", "latitude": 41.86503307, "longitude": 2.938596785}, {"id": "P07592", "latitude": 41.8651931, "longitude": 3.010663654}, {"id": "P07594", "latitude": 41.8652468, "longitude": 3.047546683}, {"id": "P07595", "latitude": 41.86455682, "longitude": 3.059282099}, {"id": "P07602", "latitude": 41.85577583, "longitude": 2.926401464}, {"id": "P07603", "latitude": 41.85594496, "longitude": 2.938292241}, {"id": "P07608", "latitude": 41.85586245, "longitude": 2.998927766}, {"id": "P07609", "latitude": 41.85571786, "longitude": 3.010577747}, {"id": "P07615", "latitude": 41.84627893, "longitude": 2.842296708}, {"id": "P07616", "latitude": 41.84722874, "longitude": 2.914100296}, {"id": "P07622", "latitude": 41.84696125, "longitude": 3.02341724}, {"id": "P07628", "latitude": 41.83786949, "longitude": 2.962349831}, {"id": "P07632", "latitude": 41.8380535, "longitude": 3.022956311}, {"id": "P07636", "latitude": 41.83793793, "longitude": 3.047406021}, {"id": "P07637", "latitude": 41.83788721, "longitude": 3.059606761}, {"id": "P07642", "latitude": 41.9702436, "longitude": 3.216121386}, {"id": "P07652", "latitude": 41.95472398, "longitude": 3.180196231}, {"id": "P07656", "latitude": 41.94618501, "longitude": 3.155982741}, {"id": "P07661", "latitude": 41.92811442, "longitude": 3.203893859}, {"id": "P07663", "latitude": 41.9188493, "longitude": 3.191780837}, {"id": "P07665", "latitude": 41.91867536, "longitude": 3.20386381}, {"id": "P07667", "latitude": 41.90085491, "longitude": 3.155209292}, {"id": "P07671", "latitude": 41.87362699, "longitude": 3.155384421}, {"id": "P07677", "latitude": 41.82719284, "longitude": 2.348602923}, {"id": "P07678", "latitude": 41.82703115, "longitude": 2.361513675}, {"id": "P07681", "latitude": 41.82731083, "longitude": 2.384704057}, {"id": "P07683", "latitude": 41.82747644, "longitude": 2.409388933}, {"id": "P07687", "latitude": 41.82818801, "longitude": 2.44553343}, {"id": "P07690", "latitude": 41.8181411, "longitude": 2.34863446}, {"id": "P07695", "latitude": 41.81869789, "longitude": 2.433261705}, {"id": "P07697", "latitude": 41.81813903, "longitude": 2.457419753}, {"id": "P07698", "latitude": 41.81882428, "longitude": 2.469141485}, {"id": "P07703", "latitude": 41.80965977, "longitude": 2.445320031}, {"id": "P07704", "latitude": 41.80966996, "longitude": 2.456877243}, {"id": "P07705", "latitude": 41.80971986, "longitude": 2.469481515}, {"id": "P07709", "latitude": 41.79223888, "longitude": 2.445012898}, {"id": "P07711", "latitude": 41.79198537, "longitude": 2.469519455}, {"id": "P07717", "latitude": 41.82866899, "longitude": 2.553899049}, {"id": "P07723", "latitude": 41.82834784, "longitude": 2.601275995}, {"id": "P07724", "latitude": 41.82883123, "longitude": 2.613580404}, {"id": "P07725", "latitude": 41.8289795, "longitude": 2.625718356}, {"id": "P07732", "latitude": 41.82871354, "longitude": 2.745795305}, {"id": "P07733", "latitude": 41.81927368, "longitude": 2.480757008}, {"id": "P07735", "latitude": 41.81881765, "longitude": 2.493607985}, {"id": "P07740", "latitude": 41.81894988, "longitude": 2.565477336}, {"id": "P07741", "latitude": 41.81898357, "longitude": 2.576915699}, {"id": "P07745", "latitude": 41.81976314, "longitude": 2.614140638}, {"id": "P07750", "latitude": 41.8195602, "longitude": 2.686542845}, {"id": "P07752", "latitude": 41.81974739, "longitude": 2.783265591}, {"id": "P07754", "latitude": 41.80981833, "longitude": 2.4811825}, {"id": "P07757", "latitude": 41.81032698, "longitude": 2.517283319}, {"id": "P07759", "latitude": 41.81013785, "longitude": 2.541471006}, {"id": "P07760", "latitude": 41.81024094, "longitude": 2.565680664}, {"id": "P07763", "latitude": 41.81070532, "longitude": 2.601866984}, {"id": "P07766", "latitude": 41.81110226, "longitude": 2.626183617}, {"id": "P07769", "latitude": 41.81098688, "longitude": 2.771015188}, {"id": "P07771", "latitude": 41.81045548, "longitude": 2.794854407}, {"id": "P07772", "latitude": 41.81012527, "longitude": 2.807002805}, {"id": "P07775", "latitude": 41.80137783, "longitude": 2.505457624}, {"id": "P07779", "latitude": 41.80151469, "longitude": 2.578162142}, {"id": "P07782", "latitude": 41.80121149, "longitude": 2.601721123}, {"id": "P07786", "latitude": 41.80158592, "longitude": 2.650337758}]}, "status": "processing", "created": "2021-09-27T08:22:40.148404", "task_id": "c167a305-e1f9-4b37-9925-a7b6629ea3c4", "updated": "2021-09-27T09:27:39.974999", "user_id": "teresa.gimeno@bc3research.org", "estimate": {"request_size": 32880}, "retry_at": null, "has_swath": false, "task_name": "Aqua_P07438_P07786", "task_type": "point", "api_version": null, "svc_version": "2.66", "web_version": "2.66", "size_category": "0", "has_nsidc_daac": false, "expires_on": "2021-10-27T09:27:39.974999", "attempts": 1}
